family,barcode01,barcode02,barcode03,barcode04,barcode05,barcode06,barcode07,barcode08,barcode09,barcode10,barcode11,barcode12,barcode13,barcode14,barcode15,barcode16,barcode17,barcode18,barcode19,barcode20,barcode21,barcode22,barcode23,barcode24,total,superkingdom,kingdom,phylum,class,order,tax
Methanomethylophilaceae,0,0,0,0,0,0,0,0,0,0,31,0,0,0,0,0,0,0,0,0,12,0,0,0,43,Archaea,Archaea_none,Candidatus Thermoplasmatota,Thermoplasmata,Methanomassiliicoccales,Archaea;Archaea_none;Candidatus Thermoplasmatota;Thermoplasmata;Methanomassiliicoccales;Methanomethylophilaceae
Methanocorpusculaceae,0,0,81,292,0,0,0,0,0,0,0,0,0,0,0,0,0,0,0,0,43,0,814,0,1230,Archaea,Archaea_none,Euryarchaeota,Methanomicrobia,Methanomicrobiales,Archaea;Archaea_none;Euryarchaeota;Methanomicrobia;Methanomicrobiales;Methanocorpusculaceae
Methanomicrobiaceae,0,0,19,184,0,0,0,0,0,0,0,0,0,0,0,0,0,0,21,0,0,0,4226,67,4517,Archaea,Archaea_none,Euryarchaeota,Methanomicrobia,Methanomicrobiales,Archaea;Archaea_none;Euryarchaeota;Methanomicrobia;Methanomicrobiales;Methanomicrobiaceae
Methanoregulaceae,0,0,0,0,0,0,0,0,0,0,0,0,0,0,0,0,0,0,0,0,0,0,12,0,12,Archaea,Archaea_none,Euryarchaeota,Methanomicrobia,Methanomicrobiales,Archaea;Archaea_none;Euryarchaeota;Methanomicrobia;Methanomicrobiales;Methanoregulaceae
Methanospirillaceae,0,0,0,0,0,0,0,0,0,0,0,0,0,0,0,0,0,0,0,0,0,0,91,0,91,Archaea,Archaea_none,Euryarchaeota,Methanomicrobia,Methanomicrobiales,Archaea;Archaea_none;Euryarchaeota;Methanomicrobia;Methanomicrobiales;Methanospirillaceae
Methanosarcinaceae,0,0,0,0,0,0,0,0,0,0,0,0,0,0,0,0,0,0,0,0,0,0,276,0,276,Archaea,Archaea_none,Euryarchaeota,Methanomicrobia,Methanosarcinales,Archaea;Archaea_none;Euryarchaeota;Methanomicrobia;Methanosarcinales;Methanosarcinaceae
Holophagaceae,0,0,0,0,0,0,0,0,0,0,0,0,0,0,0,0,0,0,0,0,0,0,33,0,33,Bacteria,Bacteria_none,Acidobacteriota,Holophagae,Holophagales,Bacteria;Bacteria_none;Acidobacteriota;Holophagae;Holophagales;Holophagaceae
Acidobacteriaceae,0,0,0,0,0,0,0,0,0,0,0,0,0,0,0,0,0,0,0,0,0,0,20,0,20,Bacteria,Bacteria_none,Acidobacteriota,Terriglobia,Terriglobales,Bacteria;Bacteria_none;Acidobacteriota;Terriglobia;Terriglobales;Acidobacteriaceae
Actinomycetaceae,0,32,0,0,0,24,0,804,0,0,0,0,0,0,0,0,0,0,0,0,0,0,52,0,912,Bacteria,Bacteria_none,Actinomycetota,Actinomycetes,Actinomycetales,Bacteria;Bacteria_none;Actinomycetota;Actinomycetes;Actinomycetales;Actinomycetaceae
Bifidobacteriaceae,0,0,0,0,0,0,0,0,0,0,0,0,0,0,0,0,0,0,66,0,0,0,61,0,127,Bacteria,Bacteria_none,Actinomycetota,Actinomycetes,Bifidobacteriales,Bacteria;Bacteria_none;Actinomycetota;Actinomycetes;Bifidobacteriales;Bifidobacteriaceae
Streptomycetaceae,0,0,0,0,0,0,72,313,0,0,0,0,0,0,0,0,0,0,0,0,0,0,470,0,855,Bacteria,Bacteria_none,Actinomycetota,Actinomycetes,Kitasatosporales,Bacteria;Bacteria_none;Actinomycetota;Actinomycetes;Kitasatosporales;Streptomycetaceae
Brevibacteriaceae,0,32,0,0,0,0,0,0,0,0,0,0,0,0,0,0,0,0,0,0,0,0,0,0,32,Bacteria,Bacteria_none,Actinomycetota,Actinomycetes,Micrococcales,Bacteria;Bacteria_none;Actinomycetota;Actinomycetes;Micrococcales;Brevibacteriaceae
Microbacteriaceae,0,0,0,0,0,0,0,34,0,0,73,0,0,0,0,0,0,0,23,0,0,0,104,0,234,Bacteria,Bacteria_none,Actinomycetota,Actinomycetes,Micrococcales,Bacteria;Bacteria_none;Actinomycetota;Actinomycetes;Micrococcales;Microbacteriaceae
Micrococcaceae,0,0,0,0,0,0,0,0,0,0,0,0,0,0,0,0,0,0,0,0,0,0,178,0,178,Bacteria,Bacteria_none,Actinomycetota,Actinomycetes,Micrococcales,Bacteria;Bacteria_none;Actinomycetota;Actinomycetes;Micrococcales;Micrococcaceae
Micromonosporaceae,0,368,0,0,0,0,0,0,0,0,0,0,0,0,0,0,0,0,0,0,0,0,47,0,415,Bacteria,Bacteria_none,Actinomycetota,Actinomycetes,Micromonosporales,Bacteria;Bacteria_none;Actinomycetota;Actinomycetes;Micromonosporales;Micromonosporaceae
Corynebacteriaceae,0,396,0,0,0,0,0,0,0,0,0,0,0,0,0,0,0,0,173,0,0,0,233,0,802,Bacteria,Bacteria_none,Actinomycetota,Actinomycetes,Mycobacteriales,Bacteria;Bacteria_none;Actinomycetota;Actinomycetes;Mycobacteriales;Corynebacteriaceae
Mycobacteriaceae,0,0,0,0,0,0,174,0,0,0,0,0,0,0,0,0,0,0,0,0,0,0,49,0,223,Bacteria,Bacteria_none,Actinomycetota,Actinomycetes,Mycobacteriales,Bacteria;Bacteria_none;Actinomycetota;Actinomycetes;Mycobacteriales;Mycobacteriaceae
Nocardiaceae,0,0,0,0,0,0,0,0,0,0,0,0,0,0,0,0,0,0,0,0,0,0,54,0,54,Bacteria,Bacteria_none,Actinomycetota,Actinomycetes,Mycobacteriales,Bacteria;Bacteria_none;Actinomycetota;Actinomycetes;Mycobacteriales;Nocardiaceae
Tsukamurellaceae,0,0,0,0,0,0,0,0,0,0,0,0,0,0,0,0,0,0,0,0,0,0,42,0,42,Bacteria,Bacteria_none,Actinomycetota,Actinomycetes,Mycobacteriales,Bacteria;Bacteria_none;Actinomycetota;Actinomycetes;Mycobacteriales;Tsukamurellaceae
Nocardioidaceae,0,10,0,0,0,0,0,0,0,0,0,0,0,0,0,0,0,0,0,0,0,0,0,0,10,Bacteria,Bacteria_none,Actinomycetota,Actinomycetes,Propionibacteriales,Bacteria;Bacteria_none;Actinomycetota;Actinomycetes;Propionibacteriales;Nocardioidaceae
Pseudonocardiaceae,0,0,0,0,0,0,0,0,0,0,0,0,0,0,0,0,0,0,0,0,0,0,60,0,60,Bacteria,Bacteria_none,Actinomycetota,Actinomycetes,Pseudonocardiales,Bacteria;Bacteria_none;Actinomycetota;Actinomycetes;Pseudonocardiales;Pseudonocardiaceae
Atopobiaceae,0,0,0,0,0,0,0,116,0,0,18,0,0,0,0,0,0,0,0,0,0,0,27,0,161,Bacteria,Bacteria_none,Actinomycetota,Coriobacteriia,Coriobacteriales,Bacteria;Bacteria_none;Actinomycetota;Coriobacteriia;Coriobacteriales;Atopobiaceae
Coriobacteriaceae,0,0,0,0,0,0,0,15,0,26,73,0,0,0,0,0,0,0,0,0,0,0,86,0,200,Bacteria,Bacteria_none,Actinomycetota,Coriobacteriia,Coriobacteriales,Bacteria;Bacteria_none;Actinomycetota;Coriobacteriia;Coriobacteriales;Coriobacteriaceae
Eggerthellaceae,0,0,0,0,0,0,0,243,0,0,0,0,0,0,0,0,0,0,23,0,0,0,65,0,331,Bacteria,Bacteria_none,Actinomycetota,Coriobacteriia,Eggerthellales,Bacteria;Bacteria_none;Actinomycetota;Coriobacteriia;Eggerthellales;Eggerthellaceae
Miltoncostaeaceae,0,0,0,0,0,0,0,0,0,0,11,0,0,0,0,0,0,0,0,0,0,0,0,0,11,Bacteria,Bacteria_none,Actinomycetota,Thermoleophilia,Miltoncostaeales,Bacteria;Bacteria_none;Actinomycetota;Thermoleophilia;Miltoncostaeales;Miltoncostaeaceae
Alicyclobacillaceae,0,0,0,0,0,0,0,0,0,0,0,0,0,0,0,0,0,0,0,0,0,0,11,0,11,Bacteria,Bacteria_none,Bacillota,Bacilli,Bacillales,Bacteria;Bacteria_none;Bacillota;Bacilli;Bacillales;Alicyclobacillaceae
Bacillaceae,0,0,0,0,0,0,296,61,564,0,463,0,95,0,28,0,0,0,0,0,0,0,123,845,2475,Bacteria,Bacteria_none,Bacillota,Bacilli,Bacillales,Bacteria;Bacteria_none;Bacillota;Bacilli;Bacillales;Bacillaceae
Listeriaceae,0,0,0,0,0,0,0,0,0,0,20,0,0,0,0,0,0,30,0,0,0,0,0,0,50,Bacteria,Bacteria_none,Bacillota,Bacilli,Bacillales,Bacteria;Bacteria_none;Bacillota;Bacilli;Bacillales;Listeriaceae
Paenibacillaceae,0,0,0,0,0,0,193,58,0,0,74,0,0,0,0,0,0,0,0,0,0,0,0,0,325,Bacteria,Bacteria_none,Bacillota,Bacilli,Bacillales,Bacteria;Bacteria_none;Bacillota;Bacilli;Bacillales;Paenibacillaceae
Planococcaceae,0,23,0,0,0,0,0,301,0,0,72,0,0,0,0,0,0,0,0,0,0,0,0,0,396,Bacteria,Bacteria_none,Bacillota,Bacilli,Bacillales,Bacteria;Bacteria_none;Bacillota;Bacilli;Bacillales;Planococcaceae
Staphylococcaceae,0,50,0,0,0,0,0,0,0,0,0,0,0,0,0,0,0,43,0,0,0,0,404,0,497,Bacteria,Bacteria_none,Bacillota,Bacilli,Bacillales,Bacteria;Bacteria_none;Bacillota;Bacilli;Bacillales;Staphylococcaceae
Aerococcaceae,0,358,0,0,0,0,23,45,0,15,47,0,12,0,0,0,0,104,0,0,0,0,0,0,604,Bacteria,Bacteria_none,Bacillota,Bacilli,Lactobacillales,Bacteria;Bacteria_none;Bacillota;Bacilli;Lactobacillales;Aerococcaceae
Carnobacteriaceae,0,331,13,361,0,0,147,415,0,61,88,0,22,0,48,0,0,34,0,0,115,0,272,0,1907,Bacteria,Bacteria_none,Bacillota,Bacilli,Lactobacillales,Bacteria;Bacteria_none;Bacillota;Bacilli;Lactobacillales;Carnobacteriaceae
Enterococcaceae,0,128,52,0,88,0,6672,2031,19,0,39,0,43,0,0,0,0,594,0,0,0,0,60,28,9754,Bacteria,Bacteria_none,Bacillota,Bacilli,Lactobacillales,Bacteria;Bacteria_none;Bacillota;Bacilli;Lactobacillales;Enterococcaceae
Lactobacillaceae,0,0,0,0,0,0,162,17,0,32,231,0,25,0,0,0,0,17,0,0,0,0,111,0,595,Bacteria,Bacteria_none,Bacillota,Bacilli,Lactobacillales,Bacteria;Bacteria_none;Bacillota;Bacilli;Lactobacillales;Lactobacillaceae
Streptococcaceae,0,45,0,0,0,0,0,0,0,11,222,0,24,0,0,0,0,1453,0,0,0,0,257,0,2012,Bacteria,Bacteria_none,Bacillota,Bacilli,Lactobacillales,Bacteria;Bacteria_none;Bacillota;Bacilli;Lactobacillales;Streptococcaceae
Christensenellaceae,0,0,0,0,0,0,0,0,0,0,0,0,0,0,0,0,0,0,0,0,0,0,22,0,22,Bacteria,Bacteria_none,Bacillota,Clostridia,Christensenellales,Bacteria;Bacteria_none;Bacillota;Clostridia;Christensenellales;Christensenellaceae
Acutalibacteraceae,0,0,84,0,0,0,0,44,0,49,151,0,0,0,0,0,0,253,280,0,11,0,270,0,1142,Bacteria,Bacteria_none,Bacillota,Clostridia,Eubacteriales,Bacteria;Bacteria_none;Bacillota;Clostridia;Eubacteriales;Acutalibacteraceae
Aristaeellaceae,0,0,0,0,0,0,0,18,0,0,0,0,0,0,0,0,0,0,0,0,0,0,56,0,74,Bacteria,Bacteria_none,Bacillota,Clostridia,Eubacteriales,Bacteria;Bacteria_none;Bacillota;Clostridia;Eubacteriales;Aristaeellaceae
Butyricicoccaceae,0,0,36,0,0,0,0,53,0,0,35,0,0,0,0,0,0,0,0,0,0,0,59,0,183,Bacteria,Bacteria_none,Bacillota,Clostridia,Eubacteriales,Bacteria;Bacteria_none;Bacillota;Clostridia;Eubacteriales;Butyricicoccaceae
Clostridiaceae,0,0,12,98,0,0,39,109,0,0,153,0,24,0,0,0,0,166,0,0,0,0,544,0,1145,Bacteria,Bacteria_none,Bacillota,Clostridia,Eubacteriales,Bacteria;Bacteria_none;Bacillota;Clostridia;Eubacteriales;Clostridiaceae
Desulfallaceae,0,0,0,0,0,0,0,0,0,0,0,0,0,0,0,0,0,0,0,0,0,0,19,0,19,Bacteria,Bacteria_none,Bacillota,Clostridia,Eubacteriales,Bacteria;Bacteria_none;Bacillota;Clostridia;Eubacteriales;Desulfallaceae
Desulfitobacteriaceae,0,31,0,0,0,0,0,0,0,0,14,0,0,0,0,0,0,116,15,0,0,0,129,0,305,Bacteria,Bacteria_none,Bacillota,Clostridia,Eubacteriales,Bacteria;Bacteria_none;Bacillota;Clostridia;Eubacteriales;Desulfitobacteriaceae
Eubacteriaceae,0,0,18,0,0,0,0,41,0,0,15,0,0,0,0,0,0,17,50,0,0,0,134,0,275,Bacteria,Bacteria_none,Bacillota,Clostridia,Eubacteriales,Bacteria;Bacteria_none;Bacillota;Clostridia;Eubacteriales;Eubacteriaceae
Eubacteriales Family XIII. Incertae Sedis,0,12,0,0,0,0,0,0,0,0,10,0,0,0,0,0,0,86,0,0,0,0,27,0,135,Bacteria,Bacteria_none,Bacillota,Clostridia,Eubacteriales,Bacteria;Bacteria_none;Bacillota;Clostridia;Eubacteriales;Eubacteriales Family XIII. Incertae Sedis
Eubacteriales_Incertae_sedis,0,0,0,0,0,0,26,497,0,42,146,0,0,0,0,0,0,28,0,0,50,0,240,0,1029,Bacteria,Bacteria_none,Bacillota,Clostridia,Eubacteriales,Bacteria;Bacteria_none;Bacillota;Clostridia;Eubacteriales;Eubacteriales_Incertae_sedis
Maliibacteriaceae,0,0,0,0,0,0,0,37,0,0,0,0,0,0,0,0,0,0,0,0,0,0,19,0,56,Bacteria,Bacteria_none,Bacillota,Clostridia,Eubacteriales,Bacteria;Bacteria_none;Bacillota;Clostridia;Eubacteriales;Maliibacteriaceae
Oscillospiraceae,50,0,237,94,0,26,42,1997,0,665,1113,0,0,0,0,0,0,309,2373,0,566,0,1964,0,9436,Bacteria,Bacteria_none,Bacillota,Clostridia,Eubacteriales,Bacteria;Bacteria_none;Bacillota;Clostridia;Eubacteriales;Oscillospiraceae
Peptococcaceae,0,0,0,18,0,0,0,0,0,0,19,0,0,0,0,0,0,0,12,0,0,0,104,0,153,Bacteria,Bacteria_none,Bacillota,Clostridia,Eubacteriales,Bacteria;Bacteria_none;Bacillota;Clostridia;Eubacteriales;Peptococcaceae
Syntrophomonadaceae,0,0,0,0,0,0,0,0,0,0,0,0,0,0,0,0,0,0,0,0,0,0,156,0,156,Bacteria,Bacteria_none,Bacillota,Clostridia,Eubacteriales,Bacteria;Bacteria_none;Bacillota;Clostridia;Eubacteriales;Syntrophomonadaceae
Anaerotignaceae,15,180,25,27,0,0,0,0,0,0,68,0,0,0,0,0,0,3221,0,0,12,0,71,0,3619,Bacteria,Bacteria_none,Bacillota,Clostridia,Lachnospirales,Bacteria;Bacteria_none;Bacillota;Clostridia;Lachnospirales;Anaerotignaceae
Defluviitaleaceae,0,0,0,0,0,0,0,0,0,0,0,0,0,0,0,0,0,0,0,0,0,0,21,0,21,Bacteria,Bacteria_none,Bacillota,Clostridia,Lachnospirales,Bacteria;Bacteria_none;Bacillota;Clostridia;Lachnospirales;Defluviitaleaceae
Lachnospiraceae,0,81,0,47,0,0,259,925,0,0,437,0,0,0,0,0,0,751,409,0,53,0,680,0,3642,Bacteria,Bacteria_none,Bacillota,Clostridia,Lachnospirales,Bacteria;Bacteria_none;Bacillota;Clostridia;Lachnospirales;Lachnospiraceae
Vallitaleaceae,0,0,0,0,0,0,0,0,0,0,0,0,0,0,0,0,0,0,0,0,0,0,17,0,17,Bacteria,Bacteria_none,Bacillota,Clostridia,Lachnospirales,Bacteria;Bacteria_none;Bacillota;Clostridia;Lachnospirales;Vallitaleaceae
Moorellaceae,0,0,0,0,0,0,0,0,0,0,0,0,0,0,0,0,0,0,0,0,0,0,30,0,30,Bacteria,Bacteria_none,Bacillota,Clostridia,Moorellales,Bacteria;Bacteria_none;Bacillota;Clostridia;Moorellales;Moorellaceae
Anaerovoracaceae,0,25,25,16,0,0,0,0,0,0,48,0,0,0,0,0,0,352,0,0,14,0,188,0,668,Bacteria,Bacteria_none,Bacillota,Clostridia,Peptostreptococcales,Bacteria;Bacteria_none;Bacillota;Clostridia;Peptostreptococcales;Anaerovoracaceae
Filifactoraceae,0,0,0,0,0,0,26,193,0,0,0,0,0,0,0,0,0,31,0,0,0,0,0,0,250,Bacteria,Bacteria_none,Bacillota,Clostridia,Peptostreptococcales,Bacteria;Bacteria_none;Bacillota;Clostridia;Peptostreptococcales;Filifactoraceae
Natronincolaceae,0,0,0,0,0,0,0,0,0,0,0,0,0,0,0,0,0,0,0,0,0,0,13,0,13,Bacteria,Bacteria_none,Bacillota,Clostridia,Peptostreptococcales,Bacteria;Bacteria_none;Bacillota;Clostridia;Peptostreptococcales;Natronincolaceae
Peptoclostridiaceae,0,0,0,0,0,0,0,0,0,0,0,0,0,0,0,0,0,0,0,0,0,0,15,0,15,Bacteria,Bacteria_none,Bacillota,Clostridia,Peptostreptococcales,Bacteria;Bacteria_none;Bacillota;Clostridia;Peptostreptococcales;Peptoclostridiaceae
Peptostreptococcaceae,0,0,0,0,0,0,0,46,0,0,57,0,0,0,0,0,0,36,31,0,0,0,85,0,255,Bacteria,Bacteria_none,Bacillota,Clostridia,Peptostreptococcales,Bacteria;Bacteria_none;Bacillota;Clostridia;Peptostreptococcales;Peptostreptococcaceae
Thermotaleaceae,0,0,0,0,0,0,0,0,0,0,0,0,0,0,0,0,0,11,0,0,0,0,0,0,11,Bacteria,Bacteria_none,Bacillota,Clostridia,Peptostreptococcales,Bacteria;Bacteria_none;Bacillota;Clostridia;Peptostreptococcales;Thermotaleaceae
Thermoanaerobacteraceae,0,0,0,0,0,0,17,0,0,0,0,0,0,0,0,0,0,0,0,0,0,0,796,0,813,Bacteria,Bacteria_none,Bacillota,Clostridia,Thermoanaerobacterales,Bacteria;Bacteria_none;Bacillota;Clostridia;Thermoanaerobacterales;Thermoanaerobacteraceae
Turicibacteraceae,0,0,0,0,0,0,61,0,0,0,0,0,0,0,0,0,0,0,0,0,0,0,0,0,61,Bacteria,Bacteria_none,Bacillota,Erysipelotrichia,Erysipelotrichales,Bacteria;Bacteria_none;Bacillota;Erysipelotrichia;Erysipelotrichales;Turicibacteraceae
Acidaminococcaceae,0,0,60,0,0,0,216,0,22,78,936,0,155,0,0,0,0,35,92,0,0,0,0,28,1622,Bacteria,Bacteria_none,Bacillota,Negativicutes,Acidaminococcales,Bacteria;Bacteria_none;Bacillota;Negativicutes;Acidaminococcales;Acidaminococcaceae
Selenomonadaceae,0,0,0,0,0,0,12,0,0,0,0,0,0,0,0,0,0,0,0,0,0,0,36,0,48,Bacteria,Bacteria_none,Bacillota,Negativicutes,Selenomonadales,Bacteria;Bacteria_none;Bacillota;Negativicutes;Selenomonadales;Selenomonadaceae
Sporomusaceae,0,323,0,0,0,0,22,0,26,0,0,0,0,0,0,0,0,0,0,0,0,0,0,13,384,Bacteria,Bacteria_none,Bacillota,Negativicutes,Selenomonadales,Bacteria;Bacteria_none;Bacillota;Negativicutes;Selenomonadales;Sporomusaceae
Veillonellaceae,0,0,0,0,0,0,0,0,0,16,39,0,0,0,0,0,0,0,34,0,20,0,0,0,109,Bacteria,Bacteria_none,Bacillota,Negativicutes,Veillonellales,Bacteria;Bacteria_none;Bacillota;Negativicutes;Veillonellales;Veillonellaceae
Acidilutibacteraceae,0,0,0,0,0,0,0,0,0,0,0,0,0,0,0,0,0,0,0,0,0,0,31,0,31,Bacteria,Bacteria_none,Bacillota,Tissierellia,Tissierellales,Bacteria;Bacteria_none;Bacillota;Tissierellia;Tissierellales;Acidilutibacteraceae
Tissierellaceae,0,0,0,18,0,0,0,0,0,0,0,0,0,0,0,0,0,36,0,0,0,0,57,0,111,Bacteria,Bacteria_none,Bacillota,Tissierellia,Tissierellales,Bacteria;Bacteria_none;Bacillota;Tissierellia;Tissierellales;Tissierellaceae
Tissierellia_Incertae_sedis,0,13,0,28,0,0,0,0,0,0,0,0,0,0,0,0,0,30,0,0,0,0,45,0,116,Bacteria,Bacteria_none,Bacillota,Tissierellia,Tissierellia_Incertae_sedis,Bacteria;Bacteria_none;Bacillota;Tissierellia;Tissierellia_Incertae_sedis;Tissierellia_Incertae_sedis
Bacteroidaceae,75,9645,152,235,2439,45,29641,6699,847,116,1781,0,549,0,0,0,0,6928,59,0,357,0,1491,743,61802,Bacteria,Bacteria_none,Bacteroidota,Bacteroidia,Bacteroidales,Bacteria;Bacteria_none;Bacteroidota;Bacteroidia;Bacteroidales;Bacteroidaceae
Barnesiellaceae,0,0,0,0,0,0,120,259,0,0,0,0,0,0,0,0,0,0,0,0,0,0,0,0,379,Bacteria,Bacteria_none,Bacteroidota,Bacteroidia,Bacteroidales,Bacteria;Bacteria_none;Bacteroidota;Bacteroidia;Bacteroidales;Barnesiellaceae
Dysgonomonadaceae,0,794,0,176,0,0,226,191,0,0,12,0,0,0,0,0,0,127,28,0,20,0,320,32,1926,Bacteria,Bacteria_none,Bacteroidota,Bacteroidia,Bacteroidales,Bacteria;Bacteria_none;Bacteroidota;Bacteroidia;Bacteroidales;Dysgonomonadaceae
Muribaculaceae,0,0,0,0,0,0,0,0,0,0,17,0,0,0,0,0,0,0,0,0,0,0,0,0,17,Bacteria,Bacteria_none,Bacteroidota,Bacteroidia,Bacteroidales,Bacteria;Bacteria_none;Bacteroidota;Bacteroidia;Bacteroidales;Muribaculaceae
Odoribacteraceae,0,129,0,0,0,0,82,22,0,0,108,0,13,0,0,0,0,114,0,0,0,0,0,0,468,Bacteria,Bacteria_none,Bacteroidota,Bacteroidia,Bacteroidales,Bacteria;Bacteria_none;Bacteroidota;Bacteroidia;Bacteroidales;Odoribacteraceae
Paludibacteraceae,0,28,0,0,0,0,10,19,0,0,0,0,0,0,0,0,0,0,0,0,0,0,12,0,69,Bacteria,Bacteria_none,Bacteroidota,Bacteroidia,Bacteroidales,Bacteria;Bacteria_none;Bacteroidota;Bacteroidia;Bacteroidales;Paludibacteraceae
Porphyromonadaceae,11,1232,27,0,167,0,2340,1790,304,129,363,0,74,0,0,0,0,1127,0,0,0,0,189,489,8242,Bacteria,Bacteria_none,Bacteroidota,Bacteroidia,Bacteroidales,Bacteria;Bacteria_none;Bacteroidota;Bacteroidia;Bacteroidales;Porphyromonadaceae
Prevotellaceae,0,0,0,0,0,0,0,131,0,1192,1958,0,0,0,0,0,0,0,25,0,539,0,235,0,4080,Bacteria,Bacteria_none,Bacteroidota,Bacteroidia,Bacteroidales,Bacteria;Bacteria_none;Bacteroidota;Bacteroidia;Bacteroidales;Prevotellaceae
Rikenellaceae,100,0,0,0,0,0,138,793,0,0,0,0,0,0,0,0,0,50,36,0,0,0,84,0,1201,Bacteria,Bacteria_none,Bacteroidota,Bacteroidia,Bacteroidales,Bacteria;Bacteria_none;Bacteroidota;Bacteroidia;Bacteroidales;Rikenellaceae
Tannerellaceae,0,237,0,0,26,0,568,285,31,0,260,0,369,0,0,0,0,135,0,0,74,0,0,34,2019,Bacteria,Bacteria_none,Bacteroidota,Bacteroidia,Bacteroidales,Bacteria;Bacteria_none;Bacteroidota;Bacteroidia;Bacteroidales;Tannerellaceae
Marinilabiliaceae,0,26,0,0,0,0,0,0,0,0,0,0,0,0,0,0,0,14,0,0,0,0,24,0,64,Bacteria,Bacteria_none,Bacteroidota,Bacteroidia,Marinilabiliales,Bacteria;Bacteria_none;Bacteroidota;Bacteroidia;Marinilabiliales;Marinilabiliaceae
Prolixibacteraceae,0,112,0,0,0,0,24,15,0,0,0,0,0,0,0,0,0,0,0,0,0,0,35,0,186,Bacteria,Bacteria_none,Bacteroidota,Bacteroidia,Marinilabiliales,Bacteria;Bacteria_none;Bacteroidota;Bacteroidia;Marinilabiliales;Prolixibacteraceae
Flammeovirgaceae,0,0,0,0,0,0,0,39,0,0,0,0,0,0,0,0,0,0,0,0,0,0,0,0,39,Bacteria,Bacteria_none,Bacteroidota,Cytophagia,Cytophagales,Bacteria;Bacteria_none;Bacteroidota;Cytophagia;Cytophagales;Flammeovirgaceae
Spirosomataceae,0,0,0,0,0,0,0,11,0,0,0,0,0,0,0,0,0,0,0,0,0,0,0,0,11,Bacteria,Bacteria_none,Bacteroidota,Cytophagia,Cytophagales,Bacteria;Bacteria_none;Bacteroidota;Cytophagia;Cytophagales;Spirosomataceae
Flavobacteriaceae,0,276,0,0,0,0,113,91,0,0,0,0,0,0,0,0,0,0,0,0,0,0,130,0,610,Bacteria,Bacteria_none,Bacteroidota,Flavobacteriia,Flavobacteriales,Bacteria;Bacteria_none;Bacteroidota;Flavobacteriia;Flavobacteriales;Flavobacteriaceae
Weeksellaceae,0,484,0,0,0,0,93,27,0,0,0,0,0,0,0,0,0,0,19,0,0,0,0,0,623,Bacteria,Bacteria_none,Bacteroidota,Flavobacteriia,Flavobacteriales,Bacteria;Bacteria_none;Bacteroidota;Flavobacteriia;Flavobacteriales;Weeksellaceae
Haliscomenobacteraceae,0,0,0,0,0,0,0,0,0,0,0,0,0,0,0,0,0,0,0,0,0,0,10,0,10,Bacteria,Bacteria_none,Bacteroidota,Saprospiria,Saprospirales,Bacteria;Bacteria_none;Bacteroidota;Saprospiria;Saprospirales;Haliscomenobacteraceae
Sphingobacteriaceae,0,533,0,0,0,0,53,0,0,0,0,0,0,0,0,0,0,0,20,0,0,0,0,0,606,Bacteria,Bacteria_none,Bacteroidota,Sphingobacteriia,Sphingobacteriales,Bacteria;Bacteria_none;Bacteroidota;Sphingobacteriia;Sphingobacteriales;Sphingobacteriaceae
Arcobacteraceae,0,181,23,115,0,0,11,241,80,0,55,0,12,0,0,0,0,293,0,0,0,0,1376,53,2440,Bacteria,Bacteria_none,Campylobacterota,Epsilonproteobacteria,Campylobacterales,Bacteria;Bacteria_none;Campylobacterota;Epsilonproteobacteria;Campylobacterales;Arcobacteraceae
Campylobacteraceae,0,0,0,0,0,0,0,0,0,0,31,0,0,0,0,0,0,0,0,0,0,0,0,0,31,Bacteria,Bacteria_none,Campylobacterota,Epsilonproteobacteria,Campylobacterales,Bacteria;Bacteria_none;Campylobacterota;Epsilonproteobacteria;Campylobacterales;Campylobacteraceae
Helicobacteraceae,0,0,0,0,0,0,0,32,0,0,0,0,0,0,0,0,0,0,0,0,0,0,0,0,32,Bacteria,Bacteria_none,Campylobacterota,Epsilonproteobacteria,Campylobacterales,Bacteria;Bacteria_none;Campylobacterota;Epsilonproteobacteria;Campylobacterales;Helicobacteraceae
Sulfurimonadaceae,0,0,0,0,0,0,25,0,0,0,0,0,0,0,0,0,0,0,0,0,0,0,0,0,25,Bacteria,Bacteria_none,Campylobacterota,Epsilonproteobacteria,Campylobacterales,Bacteria;Bacteria_none;Campylobacterota;Epsilonproteobacteria;Campylobacterales;Sulfurimonadaceae
Sulfurospirillaceae,0,0,0,0,0,0,0,0,0,0,0,0,0,0,0,0,0,0,0,0,0,0,25,0,25,Bacteria,Bacteria_none,Campylobacterota,Epsilonproteobacteria,Campylobacterales,Bacteria;Bacteria_none;Campylobacterota;Epsilonproteobacteria;Campylobacterales;Sulfurospirillaceae
Candidatus Cloacimonadaceae,0,0,0,0,0,0,0,0,0,0,0,0,0,0,0,0,0,0,0,0,0,0,16,0,16,Bacteria,Bacteria_none,Candidatus Cloacimonadota,Candidatus Cloacimonadia,Candidatus Cloacimonadales,Bacteria;Bacteria_none;Candidatus Cloacimonadota;Candidatus Cloacimonadia;Candidatus Cloacimonadales;Candidatus Cloacimonadaceae
Chlamydiaceae,0,0,0,0,0,0,0,90,0,0,0,0,0,0,0,0,0,0,0,0,0,0,0,0,90,Bacteria,Bacteria_none,Chlamydiota,Chlamydiia,Chlamydiales,Bacteria;Bacteria_none;Chlamydiota;Chlamydiia;Chlamydiales;Chlamydiaceae
Chlorobiaceae,0,0,0,0,0,0,0,0,0,0,0,0,0,0,0,0,0,0,0,0,0,0,16,0,16,Bacteria,Bacteria_none,Chlorobiota,Chlorobiia,Chlorobiales,Bacteria;Bacteria_none;Chlorobiota;Chlorobiia;Chlorobiales;Chlorobiaceae
Dehalococcoidaceae,0,0,0,169,0,0,0,0,0,0,161,0,0,0,0,0,0,0,92,0,24,0,129,0,575,Bacteria,Bacteria_none,Chloroflexota,Dehalococcoidia,Dehalococcoidales,Bacteria;Bacteria_none;Chloroflexota;Dehalococcoidia;Dehalococcoidales;Dehalococcoidaceae
Geminocystaceae,0,0,0,0,0,0,0,0,0,0,0,0,0,0,0,0,0,0,0,0,0,0,20,0,20,Bacteria,Bacteria_none,Cyanobacteriota,Cyanophyceae,Chroococcales,Bacteria;Bacteria_none;Cyanobacteriota;Cyanophyceae;Chroococcales;Geminocystaceae
Leptolyngbyaceae,0,0,0,0,0,0,0,0,0,0,0,0,0,0,0,0,0,0,0,0,0,0,35,0,35,Bacteria,Bacteria_none,Cyanobacteriota,Cyanophyceae,Leptolyngbyales,Bacteria;Bacteria_none;Cyanobacteriota;Cyanophyceae;Leptolyngbyales;Leptolyngbyaceae
Synechococcaceae,0,0,0,0,0,0,0,0,14,0,0,0,0,0,0,0,0,0,0,0,0,0,0,16,30,Bacteria,Bacteria_none,Cyanobacteriota,Cyanophyceae,Synechococcales,Bacteria;Bacteria_none;Cyanobacteriota;Cyanophyceae;Synechococcales;Synechococcaceae
Mucispirillaceae,0,0,0,0,0,0,28,91,0,0,0,0,0,0,0,0,0,0,0,0,0,0,0,0,119,Bacteria,Bacteria_none,Deferribacterota,Deferribacteres,Deferribacterales,Bacteria;Bacteria_none;Deferribacterota;Deferribacteres;Deferribacterales;Mucispirillaceae
Trueperaceae,0,0,0,0,0,0,0,0,0,0,0,0,0,0,0,0,0,0,0,0,0,0,14,0,14,Bacteria,Bacteria_none,Deinococcota,Deinococci,Trueperales,Bacteria;Bacteria_none;Deinococcota;Deinococci;Trueperales;Trueperaceae
Dictyoglomaceae,0,0,0,0,0,0,0,0,0,0,0,0,0,0,0,0,0,0,24,0,0,0,11,0,35,Bacteria,Bacteria_none,Dictyoglomota,Dictyoglomia,Dictyoglomales,Bacteria;Bacteria_none;Dictyoglomota;Dictyoglomia;Dictyoglomales;Dictyoglomaceae
Fusobacteriaceae,0,0,410,0,614,0,1003,171,142,0,294,0,4786,0,101,0,0,0,0,0,0,0,0,683,8204,Bacteria,Bacteria_none,Fusobacteriota,Fusobacteriia,Fusobacteriales,Bacteria;Bacteria_none;Fusobacteriota;Fusobacteriia;Fusobacteriales;Fusobacteriaceae
Kiritimatiellaceae,0,0,0,0,0,0,0,0,0,0,0,0,0,0,0,0,0,0,0,0,0,0,56,0,56,Bacteria,Bacteria_none,Kiritimatiellota,Kiritimatiellia,Kiritimatiellales,Bacteria;Bacteria_none;Kiritimatiellota;Kiritimatiellia;Kiritimatiellales;Kiritimatiellaceae
Tichowtungiaceae,0,0,0,0,0,0,0,0,0,0,0,0,0,0,0,0,0,0,0,0,0,0,21,0,21,Bacteria,Bacteria_none,Kiritimatiellota,Tichowtungiia,Tichowtungiales,Bacteria;Bacteria_none;Kiritimatiellota;Tichowtungiia;Tichowtungiales;Tichowtungiaceae
Acholeplasmataceae,0,0,0,0,0,0,0,109,0,0,0,0,0,0,0,0,0,0,0,0,0,0,20,0,129,Bacteria,Bacteria_none,Mycoplasmatota,Mollicutes,Acholeplasmatales,Bacteria;Bacteria_none;Mycoplasmatota;Mollicutes;Acholeplasmatales;Acholeplasmataceae
Archangiaceae,0,0,0,0,0,0,0,0,0,0,0,0,0,0,0,0,0,0,0,0,0,0,16,0,16,Bacteria,Bacteria_none,Myxococcota,Myxococcia,Myxococcales,Bacteria;Bacteria_none;Myxococcota;Myxococcia;Myxococcales;Archangiaceae
Myxococcaceae,0,0,0,0,0,0,0,0,0,0,0,0,0,0,0,0,0,0,0,0,0,0,163,0,163,Bacteria,Bacteria_none,Myxococcota,Myxococcia,Myxococcales,Bacteria;Bacteria_none;Myxococcota;Myxococcia;Myxococcales;Myxococcaceae
Polyangiaceae,0,0,0,0,0,0,0,0,0,0,0,0,0,0,0,0,0,0,0,0,0,0,16,0,16,Bacteria,Bacteria_none,Myxococcota,Myxococcota_Incertae_sedis,Polyangiales,Bacteria;Bacteria_none;Myxococcota;Myxococcota_Incertae_sedis;Polyangiales;Polyangiaceae
Phycisphaeraceae,0,0,0,0,0,0,0,0,0,0,0,0,0,0,0,0,0,0,0,0,0,0,10,0,10,Bacteria,Bacteria_none,Planctomycetota,Phycisphaerae,Phycisphaerales,Bacteria;Bacteria_none;Planctomycetota;Phycisphaerae;Phycisphaerales;Phycisphaeraceae
Lacipirellulaceae,0,0,0,0,0,0,0,0,0,0,0,0,0,0,0,0,0,0,0,0,0,0,11,0,11,Bacteria,Bacteria_none,Planctomycetota,Planctomycetia,Pirellulales,Bacteria;Bacteria_none;Planctomycetota;Planctomycetia;Pirellulales;Lacipirellulaceae
Pirellulaceae,0,0,0,0,0,0,0,0,0,0,0,0,0,0,0,0,0,0,0,0,0,0,30,0,30,Bacteria,Bacteria_none,Planctomycetota,Planctomycetia,Pirellulales,Bacteria;Bacteria_none;Planctomycetota;Planctomycetia;Pirellulales;Pirellulaceae
Planctomycetaceae,0,0,0,0,0,0,0,0,0,0,0,0,0,0,0,0,0,0,0,0,0,0,17,0,17,Bacteria,Bacteria_none,Planctomycetota,Planctomycetia,Planctomycetales,Bacteria;Bacteria_none;Planctomycetota;Planctomycetia;Planctomycetales;Planctomycetaceae
Caulobacteraceae,0,538,0,0,0,0,0,0,0,0,0,0,0,0,0,0,0,0,0,0,0,0,0,0,538,Bacteria,Bacteria_none,Pseudomonadota,Alphaproteobacteria,Caulobacterales,Bacteria;Bacteria_none;Pseudomonadota;Alphaproteobacteria;Caulobacterales;Caulobacteraceae
Cohaesibacteraceae,0,0,0,0,0,0,0,0,0,0,0,0,0,0,0,0,0,0,0,0,0,0,31,0,31,Bacteria,Bacteria_none,Pseudomonadota,Alphaproteobacteria,Hyphomicrobiales,Bacteria;Bacteria_none;Pseudomonadota;Alphaproteobacteria;Hyphomicrobiales;Cohaesibacteraceae
Methylobacteriaceae,0,0,0,0,0,0,0,0,0,0,30,0,0,0,0,0,0,0,0,0,0,0,0,0,30,Bacteria,Bacteria_none,Pseudomonadota,Alphaproteobacteria,Hyphomicrobiales,Bacteria;Bacteria_none;Pseudomonadota;Alphaproteobacteria;Hyphomicrobiales;Methylobacteriaceae
Nitrobacteraceae,0,0,0,0,0,0,0,0,0,0,0,0,0,0,0,0,0,0,0,0,0,0,33,0,33,Bacteria,Bacteria_none,Pseudomonadota,Alphaproteobacteria,Hyphomicrobiales,Bacteria;Bacteria_none;Pseudomonadota;Alphaproteobacteria;Hyphomicrobiales;Nitrobacteraceae
Pleomorphomonadaceae,0,0,0,0,0,0,0,0,0,0,0,0,0,0,0,0,0,0,0,0,0,0,61,0,61,Bacteria,Bacteria_none,Pseudomonadota,Alphaproteobacteria,Hyphomicrobiales,Bacteria;Bacteria_none;Pseudomonadota;Alphaproteobacteria;Hyphomicrobiales;Pleomorphomonadaceae
Rhizobiaceae,0,0,0,0,0,0,0,0,0,0,0,0,0,0,0,0,0,0,0,0,0,0,42,0,42,Bacteria,Bacteria_none,Pseudomonadota,Alphaproteobacteria,Hyphomicrobiales,Bacteria;Bacteria_none;Pseudomonadota;Alphaproteobacteria;Hyphomicrobiales;Rhizobiaceae
Xanthobacteraceae,0,0,0,0,0,0,0,0,0,0,0,0,0,0,0,0,0,0,0,0,0,0,43,0,43,Bacteria,Bacteria_none,Pseudomonadota,Alphaproteobacteria,Hyphomicrobiales,Bacteria;Bacteria_none;Pseudomonadota;Alphaproteobacteria;Hyphomicrobiales;Xanthobacteraceae
Kordiimonadaceae,0,0,0,0,0,0,0,0,38,0,0,0,0,0,0,0,0,0,0,0,0,0,0,35,73,Bacteria,Bacteria_none,Pseudomonadota,Alphaproteobacteria,Kordiimonadales,Bacteria;Bacteria_none;Pseudomonadota;Alphaproteobacteria;Kordiimonadales;Kordiimonadaceae
Parvularculaceae,0,39,0,0,0,0,0,0,0,0,0,0,0,0,0,0,0,0,0,0,0,0,0,0,39,Bacteria,Bacteria_none,Pseudomonadota,Alphaproteobacteria,Parvularculales,Bacteria;Bacteria_none;Pseudomonadota;Alphaproteobacteria;Parvularculales;Parvularculaceae
Paracoccaceae,0,0,0,0,0,0,0,0,0,0,0,0,0,0,0,0,0,0,69,0,0,0,37,0,106,Bacteria,Bacteria_none,Pseudomonadota,Alphaproteobacteria,Rhodobacterales,Bacteria;Bacteria_none;Pseudomonadota;Alphaproteobacteria;Rhodobacterales;Paracoccaceae
Roseobacteraceae,0,0,0,0,0,0,0,0,0,0,36,0,0,0,0,0,0,0,0,0,0,0,0,0,36,Bacteria,Bacteria_none,Pseudomonadota,Alphaproteobacteria,Rhodobacterales,Bacteria;Bacteria_none;Pseudomonadota;Alphaproteobacteria;Rhodobacterales;Roseobacteraceae
Acetobacteraceae,0,0,0,0,0,0,0,0,0,0,0,0,0,0,0,0,0,0,86,0,0,0,0,0,86,Bacteria,Bacteria_none,Pseudomonadota,Alphaproteobacteria,Rhodospirillales,Bacteria;Bacteria_none;Pseudomonadota;Alphaproteobacteria;Rhodospirillales;Acetobacteraceae
Rhodospirillaceae,0,0,0,0,0,0,23,0,0,0,0,0,0,0,0,0,0,0,0,0,0,0,0,0,23,Bacteria,Bacteria_none,Pseudomonadota,Alphaproteobacteria,Rhodospirillales,Bacteria;Bacteria_none;Pseudomonadota;Alphaproteobacteria;Rhodospirillales;Rhodospirillaceae
Rickettsiaceae,0,0,0,0,0,0,0,0,0,0,0,0,0,0,0,0,0,0,0,0,0,0,48,0,48,Bacteria,Bacteria_none,Pseudomonadota,Alphaproteobacteria,Rickettsiales,Bacteria;Bacteria_none;Pseudomonadota;Alphaproteobacteria;Rickettsiales;Rickettsiaceae
Erythrobacteraceae,0,0,0,0,0,0,0,0,0,0,0,0,0,0,0,0,0,0,0,0,0,0,219,0,219,Bacteria,Bacteria_none,Pseudomonadota,Alphaproteobacteria,Sphingomonadales,Bacteria;Bacteria_none;Pseudomonadota;Alphaproteobacteria;Sphingomonadales;Erythrobacteraceae
Sphingomonadaceae,0,52,0,0,0,0,0,0,0,0,0,0,0,0,0,0,0,0,0,0,0,0,59,0,111,Bacteria,Bacteria_none,Pseudomonadota,Alphaproteobacteria,Sphingomonadales,Bacteria;Bacteria_none;Pseudomonadota;Alphaproteobacteria;Sphingomonadales;Sphingomonadaceae
Alcaligenaceae,0,365,148,480,0,0,25,55,1771,0,802,0,219,0,15,0,0,192,1009,367,143,0,233,251,6075,Bacteria,Bacteria_none,Pseudomonadota,Betaproteobacteria,Burkholderiales,Bacteria;Bacteria_none;Pseudomonadota;Betaproteobacteria;Burkholderiales;Alcaligenaceae
Burkholderiaceae,0,79,0,0,0,0,0,82,30,0,0,0,0,0,0,0,0,0,0,0,0,0,137,16,344,Bacteria,Bacteria_none,Pseudomonadota,Betaproteobacteria,Burkholderiales,Bacteria;Bacteria_none;Pseudomonadota;Betaproteobacteria;Burkholderiales;Burkholderiaceae
Burkholderiales_Incertae_sedis,0,0,0,0,0,0,0,12,0,0,0,0,0,0,0,0,0,0,0,0,0,0,0,0,12,Bacteria,Bacteria_none,Pseudomonadota,Betaproteobacteria,Burkholderiales,Bacteria;Bacteria_none;Pseudomonadota;Betaproteobacteria;Burkholderiales;Burkholderiales_Incertae_sedis
Comamonadaceae,1027,6546,158,0,1320,131,3518,11880,10348,0,11060,0,0,0,1653,0,0,2587,527,0,0,0,144,196,51095,Bacteria,Bacteria_none,Pseudomonadota,Betaproteobacteria,Burkholderiales,Bacteria;Bacteria_none;Pseudomonadota;Betaproteobacteria;Burkholderiales;Comamonadaceae
Oxalobacteraceae,0,21,0,51,0,0,0,19,13,0,0,0,0,0,0,0,0,0,0,0,0,0,19,0,123,Bacteria,Bacteria_none,Pseudomonadota,Betaproteobacteria,Burkholderiales,Bacteria;Bacteria_none;Pseudomonadota;Betaproteobacteria;Burkholderiales;Oxalobacteraceae
Sphaerotilaceae,0,0,0,0,0,0,13,43,0,0,0,0,0,0,0,0,0,10,0,0,0,0,55,0,121,Bacteria,Bacteria_none,Pseudomonadota,Betaproteobacteria,Burkholderiales,Bacteria;Bacteria_none;Pseudomonadota;Betaproteobacteria;Burkholderiales;Sphaerotilaceae
Sutterellaceae,0,0,0,0,0,0,206,57,0,27,585,0,0,0,0,0,0,0,0,0,15,0,0,0,890,Bacteria,Bacteria_none,Pseudomonadota,Betaproteobacteria,Burkholderiales,Bacteria;Bacteria_none;Pseudomonadota;Betaproteobacteria;Burkholderiales;Sutterellaceae
Aquaspirillaceae,0,27,0,0,0,0,0,0,23,0,0,0,0,0,0,0,0,0,0,0,0,0,0,0,50,Bacteria,Bacteria_none,Pseudomonadota,Betaproteobacteria,Neisseriales,Bacteria;Bacteria_none;Pseudomonadota;Betaproteobacteria;Neisseriales;Aquaspirillaceae
Chromobacteriaceae,0,0,0,0,0,0,0,0,0,0,0,0,0,0,0,0,0,0,0,0,0,0,164,0,164,Bacteria,Bacteria_none,Pseudomonadota,Betaproteobacteria,Neisseriales,Bacteria;Bacteria_none;Pseudomonadota;Betaproteobacteria;Neisseriales;Chromobacteriaceae
Gallionellaceae,0,36,0,0,0,0,0,0,0,0,0,0,0,0,0,0,0,0,0,0,0,0,0,0,36,Bacteria,Bacteria_none,Pseudomonadota,Betaproteobacteria,Nitrosomonadales,Bacteria;Bacteria_none;Pseudomonadota;Betaproteobacteria;Nitrosomonadales;Gallionellaceae
Sterolibacteriaceae,0,18,0,0,0,0,0,10,0,0,0,0,0,0,0,0,0,0,0,0,0,0,0,0,28,Bacteria,Bacteria_none,Pseudomonadota,Betaproteobacteria,Nitrosomonadales,Bacteria;Bacteria_none;Pseudomonadota;Betaproteobacteria;Nitrosomonadales;Sterolibacteriaceae
Azonexaceae,0,964,0,0,0,0,0,0,0,0,0,0,0,0,0,0,0,0,0,0,0,0,0,0,964,Bacteria,Bacteria_none,Pseudomonadota,Betaproteobacteria,Rhodocyclales,Bacteria;Bacteria_none;Pseudomonadota;Betaproteobacteria;Rhodocyclales;Azonexaceae
Rhodocyclaceae,0,7449,0,0,0,0,0,0,0,0,0,0,0,0,0,0,0,0,0,0,0,0,0,0,7449,Bacteria,Bacteria_none,Pseudomonadota,Betaproteobacteria,Rhodocyclales,Bacteria;Bacteria_none;Pseudomonadota;Betaproteobacteria;Rhodocyclales;Rhodocyclaceae
Zoogloeaceae,0,207,0,0,0,0,0,0,0,0,0,0,0,0,0,0,0,0,0,0,0,0,0,0,207,Bacteria,Bacteria_none,Pseudomonadota,Betaproteobacteria,Rhodocyclales,Bacteria;Bacteria_none;Pseudomonadota;Betaproteobacteria;Rhodocyclales;Zoogloeaceae
Aeromonadaceae,197,574,0,0,92,0,110,72,346,0,32,0,0,0,26,0,0,46,0,0,51,0,90,257,1893,Bacteria,Bacteria_none,Pseudomonadota,Gammaproteobacteria,Aeromonadales,Bacteria;Bacteria_none;Pseudomonadota;Gammaproteobacteria;Aeromonadales;Aeromonadaceae
Alteromonadaceae,0,0,0,0,0,0,12,0,0,0,0,0,0,0,0,0,0,0,0,0,0,0,0,0,12,Bacteria,Bacteria_none,Pseudomonadota,Gammaproteobacteria,Alteromonadales,Bacteria;Bacteria_none;Pseudomonadota;Gammaproteobacteria;Alteromonadales;Alteromonadaceae
Colwelliaceae,0,0,0,0,0,0,0,0,0,0,23,0,0,0,0,0,0,0,0,0,71,0,0,0,94,Bacteria,Bacteria_none,Pseudomonadota,Gammaproteobacteria,Alteromonadales,Bacteria;Bacteria_none;Pseudomonadota;Gammaproteobacteria;Alteromonadales;Colwelliaceae
Idiomarinaceae,0,0,0,0,0,0,0,16,115,0,42,0,0,0,14,0,0,0,0,0,0,0,0,138,325,Bacteria,Bacteria_none,Pseudomonadota,Gammaproteobacteria,Alteromonadales,Bacteria;Bacteria_none;Pseudomonadota;Gammaproteobacteria;Alteromonadales;Idiomarinaceae
Moritellaceae,0,0,0,0,0,0,0,0,0,0,22,0,0,0,0,0,0,0,0,0,0,0,0,0,22,Bacteria,Bacteria_none,Pseudomonadota,Gammaproteobacteria,Alteromonadales,Bacteria;Bacteria_none;Pseudomonadota;Gammaproteobacteria;Alteromonadales;Moritellaceae
Pseudoalteromonadaceae,0,0,0,0,0,0,0,0,0,13,34,0,0,0,0,0,0,0,0,0,37,0,116,0,200,Bacteria,Bacteria_none,Pseudomonadota,Gammaproteobacteria,Alteromonadales,Bacteria;Bacteria_none;Pseudomonadota;Gammaproteobacteria;Alteromonadales;Pseudoalteromonadaceae
Shewanellaceae,0,1237,0,0,0,0,254,21277,30,27,59,0,0,0,0,0,0,98,0,0,0,0,61,386,23429,Bacteria,Bacteria_none,Pseudomonadota,Gammaproteobacteria,Alteromonadales,Bacteria;Bacteria_none;Pseudomonadota;Gammaproteobacteria;Alteromonadales;Shewanellaceae
Ignatzschineriaceae,0,0,0,0,0,0,0,0,0,38,1176,0,0,0,0,0,0,0,54,14,16,0,0,14,1312,Bacteria,Bacteria_none,Pseudomonadota,Gammaproteobacteria,Cardiobacteriales,Bacteria;Bacteria_none;Pseudomonadota;Gammaproteobacteria;Cardiobacteriales;Ignatzschineriaceae
Cellvibrionaceae,0,0,0,0,0,0,0,0,0,0,0,0,0,0,0,0,0,0,0,0,10,0,35,0,45,Bacteria,Bacteria_none,Pseudomonadota,Gammaproteobacteria,Cellvibrionales,Bacteria;Bacteria_none;Pseudomonadota;Gammaproteobacteria;Cellvibrionales;Cellvibrionaceae
Halieaceae,0,0,0,0,0,0,0,11,0,0,0,0,0,0,0,0,0,0,0,0,0,0,0,0,11,Bacteria,Bacteria_none,Pseudomonadota,Gammaproteobacteria,Cellvibrionales,Bacteria;Bacteria_none;Pseudomonadota;Gammaproteobacteria;Cellvibrionales;Halieaceae
Microbulbiferaceae,0,0,0,0,0,0,0,0,0,0,0,0,0,0,0,0,0,0,0,0,0,0,0,14,14,Bacteria,Bacteria_none,Pseudomonadota,Gammaproteobacteria,Cellvibrionales,Bacteria;Bacteria_none;Pseudomonadota;Gammaproteobacteria;Cellvibrionales;Microbulbiferaceae
Spongiibacteraceae,0,0,0,0,0,0,0,0,0,0,0,0,0,0,0,0,0,0,0,0,0,0,16,0,16,Bacteria,Bacteria_none,Pseudomonadota,Gammaproteobacteria,Cellvibrionales,Bacteria;Bacteria_none;Pseudomonadota;Gammaproteobacteria;Cellvibrionales;Spongiibacteraceae
Chromatiaceae,0,0,0,0,0,0,0,0,0,0,0,0,0,0,0,0,0,0,0,0,13,0,40,0,53,Bacteria,Bacteria_none,Pseudomonadota,Gammaproteobacteria,Chromatiales,Bacteria;Bacteria_none;Pseudomonadota;Gammaproteobacteria;Chromatiales;Chromatiaceae
Thioalkalibacteraceae,0,0,0,0,0,0,42,0,0,0,0,0,0,0,0,0,0,0,0,0,0,0,0,0,42,Bacteria,Bacteria_none,Pseudomonadota,Gammaproteobacteria,Chromatiales,Bacteria;Bacteria_none;Pseudomonadota;Gammaproteobacteria;Chromatiales;Thioalkalibacteraceae
Wenzhouxiangellaceae,0,0,0,0,0,0,0,0,0,0,0,0,0,0,0,0,0,0,0,0,0,0,11,0,11,Bacteria,Bacteria_none,Pseudomonadota,Gammaproteobacteria,Chromatiales,Bacteria;Bacteria_none;Pseudomonadota;Gammaproteobacteria;Chromatiales;Wenzhouxiangellaceae
Enterobacteriaceae,8272,6600,67813,409,47900,932,266698,141529,13533,425,48651,0,22551,0,2078,0,0,69466,1017,941,2085,1997,6269,78763,787929,Bacteria,Bacteria_none,Pseudomonadota,Gammaproteobacteria,Enterobacterales,Bacteria;Bacteria_none;Pseudomonadota;Gammaproteobacteria;Enterobacterales;Enterobacteriaceae
Erwiniaceae,0,0,0,0,0,0,0,0,13,0,0,0,0,0,0,0,0,0,0,0,0,0,20,21,54,Bacteria,Bacteria_none,Pseudomonadota,Gammaproteobacteria,Enterobacterales,Bacteria;Bacteria_none;Pseudomonadota;Gammaproteobacteria;Enterobacterales;Erwiniaceae
Hafniaceae,0,0,0,0,17,0,0,0,36,0,14,0,0,0,0,0,0,0,0,0,0,0,21,0,88,Bacteria,Bacteria_none,Pseudomonadota,Gammaproteobacteria,Enterobacterales,Bacteria;Bacteria_none;Pseudomonadota;Gammaproteobacteria;Enterobacterales;Hafniaceae
Morganellaceae,2403,4938,1199,0,7958,220,60083,6803,3053,0,955,0,1814,0,0,0,0,43905,35,73,94,19,180,5278,139010,Bacteria,Bacteria_none,Pseudomonadota,Gammaproteobacteria,Enterobacterales,Bacteria;Bacteria_none;Pseudomonadota;Gammaproteobacteria;Enterobacterales;Morganellaceae
Pectobacteriaceae,0,0,0,0,0,0,0,23,0,0,0,0,0,0,0,0,0,0,0,0,0,0,0,0,23,Bacteria,Bacteria_none,Pseudomonadota,Gammaproteobacteria,Enterobacterales,Bacteria;Bacteria_none;Pseudomonadota;Gammaproteobacteria;Enterobacterales;Pectobacteriaceae
Yersiniaceae,0,34,0,0,0,0,297,1463,0,0,0,0,0,0,0,0,0,28,52,0,0,0,1092,153,3119,Bacteria,Bacteria_none,Pseudomonadota,Gammaproteobacteria,Enterobacterales,Bacteria;Bacteria_none;Pseudomonadota;Gammaproteobacteria;Enterobacterales;Yersiniaceae
Lysobacteraceae,39,534,0,44,0,0,16,0,193,0,0,0,0,0,0,0,0,29,180,0,0,0,62,0,1097,Bacteria,Bacteria_none,Pseudomonadota,Gammaproteobacteria,Lysobacterales,Bacteria;Bacteria_none;Pseudomonadota;Gammaproteobacteria;Lysobacterales;Lysobacteraceae
Methylococcaceae,0,0,0,0,0,0,0,0,54,0,24,0,0,0,0,0,0,0,0,0,0,0,16,28,122,Bacteria,Bacteria_none,Pseudomonadota,Gammaproteobacteria,Methylococcales,Bacteria;Bacteria_none;Pseudomonadota;Gammaproteobacteria;Methylococcales;Methylococcaceae
Moraxellaceae,0,4670,143,157,136,21,1558,53832,1418,571,1078,0,394,0,169,0,0,231,70,0,233,0,689,135,65505,Bacteria,Bacteria_none,Pseudomonadota,Gammaproteobacteria,Moraxellales,Bacteria;Bacteria_none;Pseudomonadota;Gammaproteobacteria;Moraxellales;Moraxellaceae
Nevskiaceae,0,0,0,0,0,0,0,11,0,0,0,0,0,0,0,0,0,0,0,0,0,0,0,0,11,Bacteria,Bacteria_none,Pseudomonadota,Gammaproteobacteria,Nevskiales,Bacteria;Bacteria_none;Pseudomonadota;Gammaproteobacteria;Nevskiales;Nevskiaceae
Alcanivoracaceae,0,0,0,0,0,0,0,0,0,0,0,0,0,0,0,0,0,0,0,0,0,0,27,0,27,Bacteria,Bacteria_none,Pseudomonadota,Gammaproteobacteria,Oceanospirillales,Bacteria;Bacteria_none;Pseudomonadota;Gammaproteobacteria;Oceanospirillales;Alcanivoracaceae
Endozoicomonadaceae,0,0,0,0,0,0,0,0,0,0,0,0,0,0,0,0,0,0,0,0,0,0,59,0,59,Bacteria,Bacteria_none,Pseudomonadota,Gammaproteobacteria,Oceanospirillales,Bacteria;Bacteria_none;Pseudomonadota;Gammaproteobacteria;Oceanospirillales;Endozoicomonadaceae
Hahellaceae,0,0,0,0,0,0,0,0,0,0,0,0,0,0,0,0,0,0,0,0,0,0,17,0,17,Bacteria,Bacteria_none,Pseudomonadota,Gammaproteobacteria,Oceanospirillales,Bacteria;Bacteria_none;Pseudomonadota;Gammaproteobacteria;Oceanospirillales;Hahellaceae
Halomonadaceae,0,0,0,0,0,0,0,0,0,0,0,0,0,0,0,0,0,0,0,0,0,0,91,35,126,Bacteria,Bacteria_none,Pseudomonadota,Gammaproteobacteria,Oceanospirillales,Bacteria;Bacteria_none;Pseudomonadota;Gammaproteobacteria;Oceanospirillales;Halomonadaceae
Oceanospirillaceae,0,0,0,0,0,0,0,11,100,0,30,0,0,0,0,0,0,0,0,0,44,0,91,75,351,Bacteria,Bacteria_none,Pseudomonadota,Gammaproteobacteria,Oceanospirillales,Bacteria;Bacteria_none;Pseudomonadota;Gammaproteobacteria;Oceanospirillales;Oceanospirillaceae
Oleiphilaceae,0,10,0,0,0,0,0,0,0,0,0,0,0,0,0,0,0,0,0,0,0,0,0,0,10,Bacteria,Bacteria_none,Pseudomonadota,Gammaproteobacteria,Oceanospirillales,Bacteria;Bacteria_none;Pseudomonadota;Gammaproteobacteria;Oceanospirillales;Oleiphilaceae
Zooshikellaceae,0,0,0,0,0,0,0,0,0,0,0,0,0,0,0,0,0,0,0,0,0,0,21,0,21,Bacteria,Bacteria_none,Pseudomonadota,Gammaproteobacteria,Oceanospirillales,Bacteria;Bacteria_none;Pseudomonadota;Gammaproteobacteria;Oceanospirillales;Zooshikellaceae
Pasteurellaceae,0,0,0,0,227,0,138,37,0,0,41,0,15,0,0,0,0,0,0,0,0,0,42,0,500,Bacteria,Bacteria_none,Pseudomonadota,Gammaproteobacteria,Pasteurellales,Bacteria;Bacteria_none;Pseudomonadota;Gammaproteobacteria;Pasteurellales;Pasteurellaceae
Pseudomonadaceae,276,7211,0,315,606,152,1804,13218,5064,897,5057,0,558,0,906,0,0,130,589,164,5722,0,8593,6337,57599,Bacteria,Bacteria_none,Pseudomonadota,Gammaproteobacteria,Pseudomonadales,Bacteria;Bacteria_none;Pseudomonadota;Gammaproteobacteria;Pseudomonadales;Pseudomonadaceae
Thiohalomonadaceae,0,0,0,0,0,0,0,0,0,0,0,0,0,0,0,0,0,0,0,0,0,0,15,0,15,Bacteria,Bacteria_none,Pseudomonadota,Gammaproteobacteria,Thiohalomonadales,Bacteria;Bacteria_none;Pseudomonadota;Gammaproteobacteria;Thiohalomonadales;Thiohalomonadaceae
Piscirickettsiaceae,0,0,0,0,0,0,0,0,0,0,15,0,0,0,0,0,0,0,0,0,0,0,34,11,60,Bacteria,Bacteria_none,Pseudomonadota,Gammaproteobacteria,Thiotrichales,Bacteria;Bacteria_none;Pseudomonadota;Gammaproteobacteria;Thiotrichales;Piscirickettsiaceae
Thiotrichaceae,0,0,0,0,0,0,0,0,0,0,0,0,0,0,0,0,0,0,0,0,0,0,84,0,84,Bacteria,Bacteria_none,Pseudomonadota,Gammaproteobacteria,Thiotrichales,Bacteria;Bacteria_none;Pseudomonadota;Gammaproteobacteria;Thiotrichales;Thiotrichaceae
Vibrionaceae,0,0,0,0,0,0,430,107,0,0,86,0,0,0,0,0,0,53,0,0,112,0,418,783,1989,Bacteria,Bacteria_none,Pseudomonadota,Gammaproteobacteria,Vibrionales,Bacteria;Bacteria_none;Pseudomonadota;Gammaproteobacteria;Vibrionales;Vibrionaceae
Leptospiraceae,0,0,0,0,0,0,0,0,0,0,0,0,0,0,0,0,0,0,0,0,0,0,83,0,83,Bacteria,Bacteria_none,Spirochaetota,Spirochaetia,Leptospirales,Bacteria;Bacteria_none;Spirochaetota;Spirochaetia;Leptospirales;Leptospiraceae
Sphaerochaetaceae,0,0,20,191,0,0,0,0,0,0,0,0,0,0,0,0,0,0,56,0,30,0,2107,257,2661,Bacteria,Bacteria_none,Spirochaetota,Spirochaetia,Spirochaetales,Bacteria;Bacteria_none;Spirochaetota;Spirochaetia;Spirochaetales;Sphaerochaetaceae
Treponemataceae,0,0,0,0,0,0,0,0,0,0,20,0,0,0,0,0,0,0,20,0,39,0,0,0,79,Bacteria,Bacteria_none,Spirochaetota,Spirochaetia,Spirochaetales,Bacteria;Bacteria_none;Spirochaetota;Spirochaetia;Spirochaetales;Treponemataceae
Aminithiophilaceae,0,0,0,0,0,0,0,0,0,0,0,0,0,0,0,0,0,0,0,0,0,0,145,0,145,Bacteria,Bacteria_none,Synergistota,Synergistia,Synergistales,Bacteria;Bacteria_none;Synergistota;Synergistia;Synergistales;Aminithiophilaceae
Aminobacteriaceae,0,0,0,0,0,0,0,0,0,0,0,0,0,0,0,0,0,0,0,0,0,0,327,0,327,Bacteria,Bacteria_none,Synergistota,Synergistia,Synergistales,Bacteria;Bacteria_none;Synergistota;Synergistia;Synergistales;Aminobacteriaceae
Dethiosulfovibrionaceae,0,0,0,0,0,0,0,0,0,0,0,0,0,0,0,0,0,0,0,0,0,0,138,52,190,Bacteria,Bacteria_none,Synergistota,Synergistia,Synergistales,Bacteria;Bacteria_none;Synergistota;Synergistia;Synergistales;Dethiosulfovibrionaceae
Synergistaceae,0,0,0,33,0,0,0,71,0,0,15,0,0,0,0,0,0,0,13,0,0,0,134,0,266,Bacteria,Bacteria_none,Synergistota,Synergistia,Synergistales,Bacteria;Bacteria_none;Synergistota;Synergistia;Synergistales;Synergistaceae
Desulfarculaceae,0,0,0,0,0,0,0,0,0,0,0,0,0,0,0,0,0,0,0,0,0,0,19,0,19,Bacteria,Bacteria_none,Thermodesulfobacteriota,Desulfarculia,Desulfarculales,Bacteria;Bacteria_none;Thermodesulfobacteriota;Desulfarculia;Desulfarculales;Desulfarculaceae
Desulfobacteraceae,0,0,0,0,0,0,0,0,0,0,0,0,0,0,0,0,0,0,0,0,0,0,32,0,32,Bacteria,Bacteria_none,Thermodesulfobacteriota,Desulfobacteria,Desulfobacterales,Bacteria;Bacteria_none;Thermodesulfobacteriota;Desulfobacteria;Desulfobacterales;Desulfobacteraceae
Desulfosarcinaceae,0,0,0,0,0,0,0,0,0,0,0,0,0,0,0,0,0,0,0,0,0,0,21,0,21,Bacteria,Bacteria_none,Thermodesulfobacteriota,Desulfobacteria,Desulfobacterales,Bacteria;Bacteria_none;Thermodesulfobacteriota;Desulfobacteria;Desulfobacterales;Desulfosarcinaceae
Desulfosudaceae,0,0,0,0,0,0,0,0,0,0,0,0,0,0,0,0,0,0,0,0,0,0,10,0,10,Bacteria,Bacteria_none,Thermodesulfobacteriota,Desulfobacteria,Desulfobacterales,Bacteria;Bacteria_none;Thermodesulfobacteriota;Desulfobacteria;Desulfobacterales;Desulfosudaceae
Desulfobulbaceae,0,0,0,0,0,0,0,0,0,0,0,0,0,0,0,0,0,0,0,0,0,0,126,0,126,Bacteria,Bacteria_none,Thermodesulfobacteriota,Desulfobulbia,Desulfobulbales,Bacteria;Bacteria_none;Thermodesulfobacteriota;Desulfobulbia;Desulfobulbales;Desulfobulbaceae
Desulfovibrionaceae,0,0,45,171,0,0,96,40,266,66,695,0,0,0,32,0,0,0,113,0,47,11,455,340,2377,Bacteria,Bacteria_none,Thermodesulfobacteriota,Desulfovibrionia,Desulfovibrionales,Bacteria;Bacteria_none;Thermodesulfobacteriota;Desulfovibrionia;Desulfovibrionales;Desulfovibrionaceae
Desulfuromonadaceae,0,0,0,0,0,0,0,0,0,0,33,0,0,0,0,0,0,0,0,0,0,0,31,0,64,Bacteria,Bacteria_none,Thermodesulfobacteriota,Desulfuromonadia,Desulfuromonadales,Bacteria;Bacteria_none;Thermodesulfobacteriota;Desulfuromonadia;Desulfuromonadales;Desulfuromonadaceae
Geoalkalibacteraceae,0,0,0,0,0,0,0,0,0,0,0,0,0,0,0,0,0,0,0,0,0,0,54,0,54,Bacteria,Bacteria_none,Thermodesulfobacteriota,Desulfuromonadia,Desulfuromonadales,Bacteria;Bacteria_none;Thermodesulfobacteriota;Desulfuromonadia;Desulfuromonadales;Geoalkalibacteraceae
Geobacteraceae,0,0,0,0,0,0,0,0,0,0,0,0,0,0,0,0,0,0,0,0,0,0,49,0,49,Bacteria,Bacteria_none,Thermodesulfobacteriota,Desulfuromonadia,Geobacterales,Bacteria;Bacteria_none;Thermodesulfobacteriota;Desulfuromonadia;Geobacterales;Geobacteraceae
Syntrophaceae,0,0,0,0,0,0,0,0,0,0,0,0,0,0,0,0,0,0,0,0,0,0,23,0,23,Bacteria,Bacteria_none,Thermodesulfobacteriota,Syntrophia,Syntrophales,Bacteria;Bacteria_none;Thermodesulfobacteriota;Syntrophia;Syntrophales;Syntrophaceae
Opitutaceae,0,0,0,0,0,0,0,0,0,0,0,0,0,0,0,0,0,0,0,0,0,0,27,0,27,Bacteria,Bacteria_none,Verrucomicrobiota,Opitutia,Opitutales,Bacteria;Bacteria_none;Verrucomicrobiota;Opitutia;Opitutales;Opitutaceae
Fontisphaeraceae,0,0,0,0,0,0,0,0,0,0,0,0,0,0,0,0,0,0,0,0,0,0,17,0,17,Bacteria,Bacteria_none,Verrucomicrobiota,Verrucomicrobiia,Limisphaerales,Bacteria;Bacteria_none;Verrucomicrobiota;Verrucomicrobiia;Limisphaerales;Fontisphaeraceae
Akkermansiaceae,0,0,0,0,0,0,0,18,0,0,0,0,0,0,0,0,0,0,0,0,0,0,23,0,41,Bacteria,Bacteria_none,Verrucomicrobiota,Verrucomicrobiia,Verrucomicrobiales,Bacteria;Bacteria_none;Verrucomicrobiota;Verrucomicrobiia;Verrucomicrobiales;Akkermansiaceae
Verrucomicrobiaceae,0,0,0,0,0,0,0,0,0,0,0,0,0,0,0,0,0,0,0,0,0,0,36,0,36,Bacteria,Bacteria_none,Verrucomicrobiota,Verrucomicrobiia,Verrucomicrobiales,Bacteria;Bacteria_none;Verrucomicrobiota;Verrucomicrobiia;Verrucomicrobiales;Verrucomicrobiaceae
Trypanosomatidae,0,0,0,0,0,0,0,0,0,0,19,0,0,0,0,0,0,0,0,0,0,0,0,0,19,Eukaryota,Eukaryota_Incertae_sedis,Euglenozoa,Kinetoplastea,Trypanosomatida,Eukaryota;Eukaryota_Incertae_sedis;Euglenozoa;Kinetoplastea;Trypanosomatida;Trypanosomatidae
Ophiocordycipitaceae,0,0,0,0,0,0,0,0,0,0,0,0,0,0,0,0,0,0,0,0,0,0,18,0,18,Eukaryota,Fungi,Ascomycota,Sordariomycetes,Hypocreales,Eukaryota;Fungi;Ascomycota;Sordariomycetes;Hypocreales;Ophiocordycipitaceae
Pucciniaceae,0,0,0,0,0,0,0,0,24,0,0,0,0,0,0,0,0,0,0,0,0,0,0,0,24,Eukaryota,Fungi,Basidiomycota,Pucciniomycetes,Pucciniales,Eukaryota;Fungi;Basidiomycota;Pucciniomycetes;Pucciniales;Pucciniaceae
Hominidae,0,126,15,156,15,0,228,261,71,39,174,0,65,0,17,0,0,100,77,0,91,0,954,102,2491,Eukaryota,Metazoa,Chordata,Mammalia,Primates,Eukaryota;Metazoa;Chordata;Mammalia;Primates;Hominidae
Unknown,2510,52095,8669,39554,3173,876,43202,107496,23832,20125,61960,50,8270,415,3773,3625,594,26983,35091,623,24435,695,412561,21450,902057,Unclassified,Unknown,Unknown,Unknown,Unknown,Unclassified;Unknown;Unknown;Unknown;Unknown;Unknown
Autographiviridae,0,0,22,0,0,0,0,0,21,0,0,0,0,0,0,0,0,0,0,0,0,0,0,0,43,Viruses,Heunggongvirae,Uroviricota,Caudoviricetes,Caudoviricetes_Incertae_sedis,Viruses;Heunggongvirae;Uroviricota;Caudoviricetes;Caudoviricetes_Incertae_sedis;Autographiviridae
Caudoviricetes_Incertae_sedis,0,39,1240,0,0,0,140,288,0,0,31,0,2229,0,0,0,0,242,0,904,0,61,93,32,5299,Viruses,Heunggongvirae,Uroviricota,Caudoviricetes,Caudoviricetes_Incertae_sedis,Viruses;Heunggongvirae;Uroviricota;Caudoviricetes;Caudoviricetes_Incertae_sedis;Caudoviricetes_Incertae_sedis
Demerecviridae,0,0,0,0,0,0,0,0,0,0,0,0,0,0,0,0,0,17,0,0,0,0,0,0,17,Viruses,Heunggongvirae,Uroviricota,Caudoviricetes,Caudoviricetes_Incertae_sedis,Viruses;Heunggongvirae;Uroviricota;Caudoviricetes;Caudoviricetes_Incertae_sedis;Demerecviridae
Schitoviridae,0,0,0,0,0,0,0,0,0,0,0,0,0,0,0,0,0,171,0,0,0,0,0,0,171,Viruses,Heunggongvirae,Uroviricota,Caudoviricetes,Caudoviricetes_Incertae_sedis,Viruses;Heunggongvirae;Uroviricota;Caudoviricetes;Caudoviricetes_Incertae_sedis;Schitoviridae
Straboviridae,0,0,0,0,0,0,0,551,19,0,336,0,0,0,0,0,0,182,0,0,0,0,0,0,1088,Viruses,Heunggongvirae,Uroviricota,Caudoviricetes,Caudoviricetes_Incertae_sedis,Viruses;Heunggongvirae;Uroviricota;Caudoviricetes;Caudoviricetes_Incertae_sedis;Straboviridae